id,name,effect
0,アイスメモリ,『シルヴァディ』に持たせると、『こおり』タイプになる。
1,アイスメモリ,クリア後、バトルタワー内の『タイプ：ヌル』を連れている女性からもらえる
2,あおぞらプレート,持たせると、『ひこう』タイプの技の威力が1.2倍になる。また、『アルセウス』に持たせると『ひこう』タイプになる。
3,あおぞらプレート,入手方法不明
4,あおぼんぐり,ウッウロボに4個入れると、ごくまれに『ルアーボール』が手に入る。
5,あおぼんぐり,一礼野原(巣穴J側)／集中の森(すべての木)／チャレンジビーチ(砂浜)／巨人の靴底(c)／【鎧の孤島】ヨロイ島でランダムに落ちていたり、木を揺らして落としたり、女の子に100Wで交換してもらえる
6,あかいいと,持たせると、相手に『メロメロ』状態にされた時に相手も『メロメロ』状態にする。また、親に持たせてタマゴを作ると個体値が5種類遺伝する(個体値について)。
7,あかいいと,ワークアウトの海／ナックルシティ(中央)ポケモンセンターBPショップ10BP／特性『ものひろい』で拾ってくる(レベルは未検証)
8,あかぼんぐり,ウッウロボに4個入れると、ごくまれに『レベルボール』が手に入る。
9,あかぼんぐり,一礼野原(c)／清涼湿原(チャレンジビーチ側)／集中の森(すべての木)／巨人の靴底(c)／【鎧の孤島】ヨロイ島でランダムに落ちている／【鎧の孤島】ヨロイ島で女の子に100Wで交換してもらえる
10,アクアカセット,『ゲノセクト』に持たせると技『テクノバスター』が『みず』タイプになる。
11,アクアカセット,入手方法不明
12,あついいわ,持たせると、技『にほんばれ』特性『ひでり』の効果が8ターン持続するようになる。
13,あついいわ,円環の入り江／ナックルシティ東(右)の通りの手前から2番目の民家にいる男性の話を聞くと、1日目に貰える／穴掘り兄弟(右)
14,あつぞこブーツ,持たせると、技『ステルスロック』『まきびし』『どくびし』などの効果を受けない。
15,あつぞこブーツ,ガラル鉱山／登頂トンネル
16,アップグレード,『ポリゴン』に持たせて通信交換すると進化する。
17,アップグレード,鍛錬平原
18,あまーいりんご,『カジッチュ』を進化させる。
19,あまーいりんご,【シールドのみ】ナックルシティの男性に『カジッチュ』を見せるともらえる／ワイルドエリアの木の下にたまに落ちている(キバ湖の瞳など)
20,あまいミツ,フィールドで使うと野生のポケモンが出現する。
21,あまいミツ,うららか草原(隠ランダム)／野生のミツハニー・アブリー・アブリボンが低確率で持っている
22,あやしいおこう,持たせると、『エスパー』タイプの技の威力が1.2倍になる。また、『バリヤード』『バリヤード(ガラル)』『バリコオル』に持たせて『タマゴ』を作ると『マネネ』が生まれる。
23,あやしいおこう,滑り出し雪原／バウタウン御香ショップ2000円
24,あやしいパッチ,『ポリゴン2』に持たせて通信交換すると進化する。
25,あやしいパッチ,ワークアウトの海
26,いいキズぐすり,HPを60だけ回復。
27,いいキズぐすり,エンジンシティ(隠)／3番道路／ガラル鉱山(2個)／バウタウン(隠、2個)／フレンドリィショップ(ジムバッジ1個以上)(700円)
28,いかずちプレート,持たせると、『でんき』タイプの技の威力が1.2倍になる。また、『アルセウス』に持たせると『でんき』タイプになる。
29,いかずちプレート,入手方法不明
30,いかりまんじゅう,状態異常と『こんらん』状態をすべて回復。
31,いかりまんじゅう,バトルカフェ報酬
32,いじっぱりミント,ポケモンに使うと、攻撃が上がりやすくなるが、特攻は上がりにくくなる。(ただし性格は変わらない)
33,いじっぱりミント,バトルタワーBPショップ左50BP／【鎧の孤島】『離れ島海域』にある島に毎日ランダムで落ちている
34,いちごアメざいく,『マホミル』に持たせ、Lスティックをぐるぐる回すと進化する。回転の仕方、時間帯、場所などによって姿が変わる。
35,いちごアメざいく,ナックルシティ／バトルカフェ報酬
36,イナズマカセット,『ゲノセクト』に持たせると技『テクノバスター』が『でんき』タイプになる。
37,イナズマカセット,入手方法不明
38,いのちのたま,持たせると、技の威力が1.3倍になる。ただし、攻撃後に自分のHPが最大HPの1/10だけ減る。
39,いのちのたま,まどろみの森(奥)／巨人の寝床／バトルタワーBPショップ右25BP／トーナメントで毎日2周目以降にランダムでもらえる
40,インドメタシン,『すばやさ』の基礎ポイント(努力値)が10上がる。同時に「なかよし度」(なつき度)が少し上がる(第8世代は不明)。第8世代は最大値まで使用できるが、第7世代までは既に100以上のポイントがある場合は使用できない。
41,インドメタシン,鍛錬平原／シュートシティの駅の隣にあるポケモンセンター内の右側のショップ(10000円)／ナックルシティ(中央)ポケモンセンターBPショップ2BP
42,ウォーターメモリ,『シルヴァディ』に持たせると、『みず』タイプになる。
43,ウォーターメモリ,クリア後、バトルタワー内の『タイプ：ヌル』を連れている女性からもらえる
44,うしおのおこう,持たせると、『みず』タイプの技の威力が1.2倍になる。(また、『マリル』『マリルリ』に持たせて『タマゴ』を作ると『ルリリ』が生まれる。)
45,うしおのおこう,円環の入り江／バウタウン御香ショップ2000円
46,うっかりやミント,ポケモンに使うと、特攻が上がりやすくなるが、特防は上がりにくくなる。(ただし性格は変わらない)
47,うっかりやミント,バトルタワーBPショップ左50BP／【鎧の孤島】『離れ島海域』にある島に毎日ランダムで落ちている
48,エフェクトガード,戦闘中に使用すると5ターンの間能力を下げられない(技『しろいきり』と同じ効果)。
49,エフェクトガード,9番道路(スパイクタウンはずれ)(隠、3個)／ナックルシティ(中央)のフレンドリィショップ(1500円)
50,エレキシード,持たせると、『エレキフィールド』の時に『ぼうぎょ』ランクが1段階上がる。
51,エレキシード,シュートシティ(ローズタワー(バトルタワー)左奥)／野生のトゲデマルが低確率で持っている
52,エレキブースター,『エレブー』に持たせて通信交換すると『エレキブル』に進化する。
53,エレキブースター,巨人の寝床
54,エレクトロメモリ,『シルヴァディ』に持たせると、『でんき』タイプになる。
55,エレクトロメモリ,クリア後、バトルタワー内の『タイプ：ヌル』を連れている女性からもらえる
56,おいしいみず,HPを30だけ回復。
57,おいしいみず,2番道路(隠)／エンジンシティ駅などにある自動販売機(200円)
58,おうじゃのしるし,持たせると、攻撃技を使用した時に10%で相手がひるむ効果が追加される(追加効果がある技にも効果が追加される)。また、『ヤドン』『ニョロゾ』に持たせて通信交換すると進化する。
59,おうじゃのしるし,8番道路／カンムリ神殿／【鎧の孤島】『一礼野原』で、ディグダを10匹見つけると山男にもらえる『ヤドン』が持っている／野生のルチャブルが低確率で持っている
60,おおきいマラサダ,状態異常と『こんらん』状態をすべて回復。
61,おおきいマラサダ,バトルカフェ報酬
62,おおきなキノコ,ショップで2500円で売れる。
63,おおきなキノコ,3番道路(隠)／5番道路(隠、2個)／アラベスクタウン(2個)／こもれび林(隠ランダム)／野生のタマゲタケ・ネマシュ・マシェードが低確率で持っている
64,おおきなしんじゅ,ショップで4000円で売れる。
65,おおきなしんじゅ,9番道路(キルクスの入り江)(隠)／げきりんの湖(隠ランダム(水上))／野生のシェルダー・パルシェンが低確率で持っている
66,おおきなねっこ,持たせると、技『アクアリング』『ウッドホーン』『ギガドレイン』『きゅうけつ』『すいとる』『ちからをすいとる』『デスウイング』『ドレインキッス』『ドレインパンチ』『ねをはる』『パラボラチャージ』『メガドレイン』『やどりぎのタネ』『ゆめくい』の回復量が1.3倍になる。なお、相手が特性『ヘドロえき』の場合は自分へのダメージ量が1.3倍になる。
67,おおきなねっこ,ルミナスメイズの森
68,おくびょうミント,ポケモンに使うと、素早さが上がりやすくなるが、攻撃は上がりにくくなる。(ただし性格は変わらない)
69,おくびょうミント,バトルタワーBPショップ左50BP／【鎧の孤島】『離れ島海域』にある島に毎日ランダムで落ちている
70,おだやかミント,ポケモンに使うと、特防が上がりやすくなるが、攻撃は上がりにくくなる。(ただし性格は変わらない)
71,おだやかミント,バトルタワーBPショップ左50BP／【鎧の孤島】『離れ島海域』にある島に毎日ランダムで落ちている
72,おだんごしんじゅ,ショップで15000円で売れる。
73,おだんごしんじゅ,9番道路(キルクスの入り江)(隠)／ワイルドエリアの釣り人からもらえることがある
74,おっとりミント,ポケモンに使うと、特攻が上がりやすくなるが、防御は上がりにくくなる。(ただし性格は変わらない)
75,おっとりミント,バトルタワーBPショップ左50BP／【鎧の孤島】『離れ島海域』にある島に毎日ランダムで落ちている
76,おとなしいミント,ポケモンに使うと、特防が上がりやすくなるが、防御は上がりにくくなる。(ただし性格は変わらない)
77,おとなしいミント,バトルタワーBPショップ左50BP／【鎧の孤島】『離れ島海域』にある島に毎日ランダムで落ちている
78,おはなアメざいく,『マホミル』に持たせ、Lスティックをぐるぐる回すと進化する。回転の仕方、時間帯、場所などによって姿が変わる。
79,おはなアメざいく,バトルカフェ報酬
80,おはなのおこう,持たせると、『くさ』タイプの技の威力が1.2倍になる。また、『ロゼリア』『ロズレイド』に持たせて『タマゴ』を作ると『スボミー』が生まれる。
81,おはなのおこう,バウタウン御香ショップ2000円
82,おまもりこばん,持たせると、戦闘に出た場合にもらえる賞金が2倍になる。
83,おまもりこばん,エンジンシティはずれ
84,かいがらのすず,持たせると、技で相手に与えたダメージの1/8だけHPが回復する。
85,かいがらのすず,バウタウン／凍てつきの海
86,かいふくのくすり,ポケモン1匹のHPと状態異常、『こんらん』状態を全回復する。
87,かいふくのくすり,まどろみの森(隠、奥)／滑り出し雪原／雪中渓谷／フレンドリィショップ(ジムバッジ8個以上)(3500円)
88,かえんだま,持たせると、戦闘に出た最初のターンの終わりに自分が『やけど』状態になる。ただし、すでに他の状態異常になっている場合は発動しない。
89,かえんだま,鍋底砂漠／トーナメントで毎日2周目以降にランダムでもらえる
90,かおるキノコ,ショップで7500円で売れる。
91,かおるキノコ,アラベスクタウン(隠)／7番道路(隠)／シュートシティ(隠)／げきりんの湖(隠ランダム)
92,かけたポット,『ヤバチャ』を進化させる。(個体によって異なり、出現率の高い贋作は『われたポット』、出現率1%の真作は『かけたポット』で進化)
93,かけたポット,ボールレイクの湖畔／ラテラルタウンのほりだしもの市(3000円)
94,カセキのクビナガ,『6番道路』の『ウカッツ博士』に渡すと、『カセキのトリ』と一緒に渡した場合は『パッチルドン』、『カセキのサカナ』と一緒に渡した場合は『ウオチルドン』を入手できる。
95,カセキのクビナガ,穴掘り兄弟／ワイルドエリア
96,カセキのサカナ,『6番道路』の『ウカッツ博士』に渡すと、『カセキのリュウ』と一緒に渡した場合は『ウオノラゴン』、『カセキのクビナガ』と一緒に渡した場合は『ウオチルドン』を入手できる。
97,カセキのサカナ,穴掘り兄弟／ワイルドエリア
98,カセキのトリ,『6番道路』の『ウカッツ博士』に渡すと、『カセキのリュウ』と一緒に渡した場合は『パッチラゴン』、『カセキのクビナガ』と一緒に渡した場合は『パッチルドン』を入手できる。
99,カセキのトリ,穴掘り兄弟／ワイルドエリア／ソードではラテラルタウンのポケモンセンター内左にいる男性から2個もらえる
100,カセキのリュウ,『6番道路』の『ウカッツ博士』に渡すと、『カセキのトリ』と一緒に渡した場合は『パッチラゴン』、『カセキのサカナ』と一緒に渡した場合は『ウオノラゴン』を入手できる。
101,カセキのリュウ,穴掘り兄弟／ワイルドエリア／シールドではラテラルタウンのポケモンセンター内左にいる男性から2個もらえる
102,かたいいし,持たせると、『いわ』タイプの技の威力が1.2倍になる。
103,かたいいし,ガラル鉱山(隠)／穴掘り兄弟(右)／野生のダンゴロ・ガントル・イシズマイ・イワパレスが低確率で持っている
104,かみなりのいし,『ピカチュウ』『イーブイ』『シビビール』を進化させる。第8世代からは『デンヂムシ』も進化させる。
105,かみなりのいし,ミロカロ湖・北／げきりんの湖(隠ランダム)／穴掘り兄弟
106,ガラナツのえだ,8個集めると、『ワークアウトの海』にいる女性に『ガラナツブレス』と交換してもらえる。
107,ガラナツのえだ,ヨロイ島に落ちている
108,ガラナツブレス,『ヤドン(ガラル)』を『ヤドラン(ガラル)』にを進化させる。
109,ガラナツブレス,【鎧の孤島】『ガラナツのえだ』を8個集めると、『ワークアウトの海』にいる女性に交換してもらえる
110,ガラナツリース,『ヤドン(ガラル)』を『ヤドキング(ガラル)』に進化させる。
111,ガラナツリース,【冠の雪原】『ガラナツのえだ』を15個集めると、『海鳴りの洞窟』にいるお婆さんに交換してもらえる
112,からぶりほけん,持たせると、技や特性などの効果ではなく命中率によって技がはずれたとき、『すばやさ』ランクが2段階上がる。一撃必殺技では発動しない。
113,からぶりほけん,フリーズ村／バトルタワーBPショップ右20BP
114,かるいし,持たせると、『おもさ』が半分になる。(技『けたぐり』『くさむすび』対策などで有効)
115,かるいし,穴掘り兄弟(右)
116,かわらずのいし,持たせると、進化しなくなる。持たせて育て屋に預けて『タマゴ』を作ると、持たせた親ポケモンと同じ性格になる。
117,かわらずのいし,ターフタウン(隠)／穴掘り兄弟／野生のダンゴロ・ガントルが高確率で持っている
118,がんせきおこう,持たせると、『いわ』タイプの技の威力が1.2倍になる。また、『ウソッキー』に持たせて『タマゴ』を作ると『ウソハチ』が生まれる。
119,がんせきおこう,バウタウン御香ショップ2000円
120,がんせきプレート,持たせると、『いわ』タイプの技の威力が1.2倍になる。また、『アルセウス』に持たせると『いわ』タイプになる。
121,がんせきプレート,入手方法不明
122,きあいのタスキ,持たせると、HPが最大の時、『ひんし』状態になるダメージや一撃必殺の技を受けても必ず1残る。ただし、1度使用するとなくなる。
123,きあいのタスキ,げきりんの湖／氷点雪原／ナックルシティのポケモンセンター左の建物にいるからておうに勝利後、もらえる／バトルタワーBPショップ右15BP
124,きあいのハチマキ,持たせると、『ひんし』になるダメージを受けても10%の確率でHPが1残る。
125,きあいのハチマキ,ラテラルタウンのほりだしもの市(3000円)／野生のワンリキー・ゴーリキーが低確率で持っている
126,キズぐすり,HPを20だけ回復。
127,キズぐすり,1番道路／2番道路(2個)／ショップ(200円)
128,きせきのタネ,持たせると、『くさ』タイプの技の威力が1.2倍になる。
129,きせきのタネ,集中の森／最初に『サルノリ』を選んでいると、エンジンシティでダンデにもらう／ラテラルタウンのほりだしもの市(3000円)／野生のバケッチャ(特大)が必ず持っている／野生のチェリンボ・マラカッチ・カリキリが低確率で持っている
130,きちょうなホネ,ショップで2500円で売れる。
131,きちょうなホネ,6番道路(隠、2個)／ファイトケイブ／穴掘り兄弟
132,キトサン,『とくぼう』の基礎ポイント(努力値)が10上がる。同時に「なかよし度」(なつき度)が少し上がる(第8世代は不明)。第8世代は最大値まで使用できるが、第7世代までは既に100以上のポイントがある場合は使用できない。
133,キトサン,チャレンジビーチ／シュートシティ(駅側)のフレンドリィショップ(10000円)／ナックルシティ(中央)ポケモンセンターBPショップ2BP
134,きのみジュース,持たせると、HPが最大HPの半分以下になった時、HPを20だけ回復。
135,きのみジュース,バトルカフェ報酬／野生のツボツボが必ず持っている
136,きぼんぐり,ウッウロボに4個入れると、ごくまれに『ムーンボール』が手に入る。
137,きぼんぐり,一礼野原(巣穴J側)／清涼湿原(巣穴B側)／集中の森(すべての木)／巨人の靴底(a)／巨人の靴底(b)／【鎧の孤島】ヨロイ島でランダムに落ちていたり、木を揺らして落としたり、女の子に100Wで交換してもらえる
138,きゅうこん,持たせると、『みず』タイプの技を受けた時に『とくこう』ランクが1段階上がる。1度使用するとなくなる。
139,きゅうこん,5番道路(隠)／バトルタワーBPショップ右10BP／野生のナゾノクサ・クサイハナ・モンメン・チュリネが低確率で持っている
140,きょうせいギプス,持たせると、もらえる基礎ポイント(努力値)が2倍になる。ただし、『すばやさ』が半分になる。
141,きょうせいギプス,ナックルシティ(中央)ポケモンセンターBPショップ10BP
142,きよめのおこう,先頭のポケモンに持たせると、野生のポケモンが出にくくなる。(また、『チリーン』に持たせて『タマゴ』を作ると『リーシャン』が生まれる。)
143,きよめのおこう,バウタウン御香ショップ6000円
144,きよめのおふだ,先頭のポケモンに持たせると、野生のポケモンが出にくくなる。
145,きよめのおふだ,4番道路
146,きれいなウロコ,『ヒンバス』に持たせて通信交換すると進化する。
147,きれいなウロコ,2番道路(隠、水上)／ミロカロ湖・南(隠ランダム(巣穴Dの近くの水上))／ボールレイクの湖畔
148,きれいなぬけがら,持たせると、技『くものす』や特性『ありじごく』などの交代を封じる効果を受けず、必ず交代できるようになる。
149,きれいなぬけがら,5番道路／こもれび林(隠ランダム)／集中の森／野生のズルッグ・ヌメラ・ヌメイルが低確率で持っている
150,きれいなハネ,ショップで500円で売れる。
151,きれいなハネ,ナックル丘陵(隠ランダム)／野生のキャモメ・ペリッパーが高確率で持っている
152,ぎんのおうかん,すごいオヤジに渡すと、1種類の個体値を最大にしてくれる。
153,ぎんのおうかん,フリーズ村／ボールレイクの湖畔／バトルタワーBPショップ右25BP／マックスレイドバトル報酬／穴掘り兄弟／【冠の雪原】マックスダイ巣穴の右の女性『マックスこうせき』25個で交換できる
154,きんのおうかん,すごいオヤジに渡すと、すべての個体値を最大にしてくれる。
155,きんのおうかん,バトルタワーのマスターボール級の報酬／穴掘り兄弟(低確率)
156,ぎんのこな,持たせると、『むし』タイプの技の威力が1.2倍になる。
157,ぎんのこな,4番道路／ラテラルタウンのほりだしもの市(3000円)／野生のバタフリーが低確率で持っている
158,きんのたま,ショップで5000円で売れる。
159,きんのたま,エンジンシティ(隠)／ナックルシティ(隠)／8番道路／シュートシティ(隠)
160,きんりょくのハネ,ポケモン1匹の『こうげき』の基礎ポイント(努力値)が1上がる。最大値まで使用できる。
161,きんりょくのハネ,エンジンシティはずれの橋の上に落ちている
162,くちたけん,『ザシアン』に持たせると『けんのおう』の姿になり、『アイアンヘッド』が『きょじゅうざん』になる。
163,くちたけん,ザシアンが持っている
164,くちたたて,『ザマゼンタ』に持たせると『たてのおう』の姿になり、『アイアンヘッド』が『きょじゅうだん』になる。
165,くちたたて,ザマゼンタが持っている
166,くっつきバリ,持たせると、毎ターン、自分のHPが最大HPの1/8ずつ減る。相手の持ち物がない場合、直接攻撃を受けると相手の持ち物になることがある。
167,くっつきバリ,穴掘り兄弟(右)／野生のテッシード・ナットレイが低確率で持っている
168,グラウンドメモリ,『シルヴァディ』に持たせると、『じめん』タイプになる。
169,グラウンドメモリ,クリア後、バトルタワー内の『タイプ：ヌル』を連れている女性からもらえる
170,グラスシード,持たせると、『グラスフィールド』の時に『ぼうぎょ』ランクが1段階上がる。
171,グラスシード,シュートシティ／野生のアマカジ・アママイコが低確率で持っている
172,グラスメモリ,『シルヴァディ』に持たせると、『くさ』タイプになる。
173,グラスメモリ,クリア後、バトルタワー内の『タイプ：ヌル』を連れている女性からもらえる
174,グランドコート,持たせると、『エレキフィールド』『サイコフィールド』『グラスフィールド』『ミストフィールド』の効果が8ターン持続するようになる。
175,グランドコート,8番道路／バトルタワーBPショップ右15BP
176,クリティカット,戦闘中に使用すると急所ランクが2段階上がる。
177,クリティカット,ナックルシティ(隠)／9番道路(スパイクタウンはずれ)(隠、3個)／ナックルシティ(中央)のフレンドリィショップ(1000円)
178,くろいてっきゅう,持たせると、『すばやさ』が半分になる。また、特性『ふゆう』や『ひこう』タイプ、『でんじふゆう』状態のポケモンに持たせると、『じめん』タイプの技を受けるようになる。
179,くろいてっきゅう,巨人の靴底／穴掘り兄弟(右)／トーナメントで毎日2周目以降にランダムでもらえる／野生のクチートが低確率で持っている
180,くろいヘドロ,『どく』タイプのポケモンに持たせると、毎ターンHPが最大HPの1/16ずつ回復する。それ以外のポケモンの場合は、毎ターン最大HPの1/8ずつ減る。
181,くろいヘドロ,シュートシティ(隠)／清涼湿原／ラテラルタウンのほりだしもの市(3000円)／野生のグレッグル・ドクロッグ・ダストダスが低確率で持っている
182,くろいメガネ,持たせると、『あく』タイプの技の威力が1.2倍になる。
183,くろいメガネ,エンジンシティ／チャレンジロード／ラテラルタウンのほりだしもの市(3000円)／野生のメグロコが低確率で持っている
184,くろおび,持たせると、『かくとう』タイプの技の威力が1.2倍になる。
185,くろおび,9番道路(キルクスの入り江)(隠)／ラテラルタウンのほりだしもの市(3000円)／野生のナゲキ・ダゲキが低確率で持っている
186,くろぼんぐり,ウッウロボに4個入れると、ごくまれに『ヘビーボール』が手に入る。
187,くろぼんぐり,一礼野原(道場の右)／集中の森(すべての木)／チャレンジビーチ(清涼湿原側)／巨人の靴底(d)／【鎧の孤島】ヨロイ島でランダムに落ちていたり、木を揺らして落としたり、女の子に100Wで交換してもらえる
188,けいけんアメL,ポケモンに使うと、経験値が10000もらえる。
189,けいけんアメL,マックスレイドバトル報酬
190,けいけんアメM,ポケモンに使うと、経験値が3000もらえる。
191,けいけんアメM,マックスレイドバトル報酬
192,けいけんアメS,ポケモンに使うと、経験値が800もらえる。
193,けいけんアメS,マックスレイドバトル報酬
194,けいけんアメXL,ポケモンに使うと、経験値が30000もらえる。
195,けいけんアメXL,マックスレイドバトル報酬
196,けいけんアメXS,ポケモンに使うと、経験値が100もらえる。
197,けいけんアメXS,マックスレイドバトル報酬
198,けむりだま,持たせると、野生のポケモンから必ず逃げることができる。
199,けむりだま,まどろみの森(奥)／野生のドガース・ヤトウモリが低確率で持っている
200,げんきのかけら,『ひんし』状態から最大HPの半分だけ回復する。
201,げんきのかけら,ブラッシータウン(隠)／3番道路(隠)／ガラル鉱山(隠)／ショップ(2000円)
202,げんきのかたまり,『ひんし』状態からHPをすべて回復。
203,げんきのかたまり,ターフタウン／ラテラルタウン(隠)／8番道路／スパイクタウン／9番道路(キルクスの入り江)／10番道路／シュートシティ(隠)／見張り塔跡地／一礼野原／氷点雪原／カンムリ神殿／ソニアからもらう
204,こううんのおこう,持たせると、戦闘に出た場合にもらえる賞金が2倍になる。(また、『ラッキー』『ハピナス』に持たせて『タマゴ』を作ると『ピンプク』が生まれる。)
205,こううんのおこう,バウタウン御香ショップ11000円
206,こうかくレンズ,持たせると、技の命中率が1.1倍になる。
207,こうかくレンズ,『キルクスタウン』の中央下にある右側のホテル『イオニア』の2階で探偵イベント解決後にハウスズからもらえる／野生のヤミラミが低確率で持っている
208,こうこうのしっぽ,持たせると、必ず後攻になる。ただし、技の優先度は無視されない。
209,こうこうのしっぽ,穴掘り兄弟(右)／野生のベロリンガ・ダイオウドウ・ゾウドウが低確率で持っている
210,こうてつプレート,持たせると、『はがね』タイプの技の威力が1.2倍になる。また、『アルセウス』に持たせると『はがね』タイプになる。
211,こうてつプレート,入手方法不明
212,ゴーストメモリ,『シルヴァディ』に持たせると、『ゴースト』タイプになる。
213,ゴーストメモリ,クリア後、バトルタワー内の『タイプ：ヌル』を連れている女性からもらえる
214,こおりなおし,『こおり』状態を回復。
215,こおりなおし,ショップ(200円)
216,こおりのいし,『サンド(アローラ)』『ロコン(アローラ)』を進化させる。第8世代からは『イーブイ』『ダルマッカ(ガラル)』も進化させる。
217,こおりのいし,9番道路(キルクスの入り江)(隠)／頂への雪道／穴掘り兄弟
218,ゴールドスプレー,250歩の間、先頭のポケモンよりレベルの低い野生のポケモンが出現しなくなる。
219,ゴールドスプレー,フレンドリィショップ(ジムバッジ7個以上)(900円)
220,こころのしずく,『ラティアス』『ラティオス』に持たせると、『エスパー』『ドラゴン』タイプの技の威力が1.2倍になる。(第6世代までは特攻・特防が1.5倍)
221,こころのしずく,ラティアス・ラティオス入手後、ラテラルタウンのほりだしもの市でもらえる
222,こだわりスカーフ,持たせると、同じ技しか出せなくなるが、『すばやさ』が1.5倍になる。ダイマックス中は、すべての効果がない。
223,こだわりスカーフ,ナックルシティの駅の左から上がれる高台の家の前で『ふるびたてがみ』を預かり、アラベスクタウンのフランクくんに渡すともらえる／バトルタワーBPショップ右25BP
224,こだわりハチマキ,持たせると、同じ技しか出せなくなるが、『こうげき』が1.5倍になる。ダイマックス中は、すべての効果がない。
225,こだわりハチマキ,2番道路(水上を右に進む)／バトルタワーBPショップ右25BP
226,こだわりメガネ,持たせると、同じ技しか出せなくなるが、『とくこう』が1.5倍になる。ダイマックス中は、すべての効果がない。
227,こだわりメガネ,スパイクタウン／バトルタワーBPショップ右25BP
228,ゴツゴツメット,持たせると、直接攻撃を受けた時、相手の最大HPの1/6のダメージを与える。
229,ゴツゴツメット,ラテラルタウン／鍋底砂漠
230,こぶしのプレート,持たせると、『かくとう』タイプの技の威力が1.2倍になる。また、『アルセウス』に持たせると『かくとう』タイプになる。
231,こぶしのプレート,入手方法不明
232,こわもてプレート,持たせると、『あく』タイプの技の威力が1.2倍になる。また、『アルセウス』に持たせると『あく』タイプになる。
233,こわもてプレート,入手方法不明
234,こんごうだま,『ディアルガ』に持たせると『はがね』『ドラゴン』タイプの技の威力が1.2倍になる。
235,こんごうだま,ディアルガ入手後、ラテラルタウンのほりだしもの市でもらえる
236,サイキックメモリ,『シルヴァディ』に持たせると、『エスパー』タイプになる。
237,サイキックメモリ,クリア後、バトルタワー内の『タイプ：ヌル』を連れている女性からもらえる
238,サイコシード,持たせると、『サイコフィールド』の時に『とくぼう』ランクが1段階上がる。
239,サイコシード,2番道路(水上を下に進む)／野生のタマタマ・イオルブ・レドームシが低確率で持っている
240,サイコソーダ,HPを50だけ回復。
241,サイコソーダ,エンジンシティ駅などにある自動販売機(300円)
242,さざなみのおこう,持たせると、『みず』タイプの技の威力が1.2倍になる。また、『マンタイン』に持たせて『タマゴ』を作ると『タマンタ』が生まれる。
243,さざなみのおこう,バウタウン御香ショップ2000円
244,さみしがりミント,ポケモンに使うと、攻撃が上がりやすくなるが、防御は上がりにくくなる。(ただし性格は変わらない)
245,さみしがりミント,バトルタワーBPショップ左50BP／【鎧の孤島】『離れ島海域』にある島に毎日ランダムで落ちている
246,さらさらいわ,持たせると、技『すなあらし』特性『すなおこし』の効果が8ターン持続するようになる。
247,さらさらいわ,鍋底砂漠／ナックルシティ東(右)の通りの手前から2番目の民家にいる男性の話を聞くと、4日目に貰える／穴掘り兄弟(右)
248,しあわせタマゴ,持たせると、もらえる経験値が1.5倍になる。
249,しあわせタマゴ,バウタウンの料理屋でお使いを3回こなすともらえる(提供情報)／鎧の孤島『ラッキー』『ハピナス』などのレイドバトルの報酬／野生のハピナスが低確率で持っている
250,じしゃく,持たせると、『でんき』タイプの技の威力が1.2倍になる。
251,じしゃく,バウタウン
252,しずくプレート,持たせると、『みず』タイプの技の威力が1.2倍になる。また、『アルセウス』に持たせると『みず』タイプになる。
253,しずくプレート,入手方法不明
254,しめつけバンド,持たせると、バインド効果のある束縛技『うずしお』『からではさむ』『サンダープリズン』『しめつける』『すなじごく』『トラバサミ』『ほのおのうず』『まきつく』『マグマストーム』『まとわりつく』が毎ターン相手に与えるダメージが相手の最大HPの1/6になる。(通常時は1/8)
255,しめつけバンド,巨人の靴底／ラテラルタウンのほりだしもの市(3000円)
256,しめったいわ,持たせると、技『あまごい』特性『あめふらし』の効果が8ターン持続するようになる。
257,しめったいわ,清涼湿原／ナックルシティ東(右)の通りの手前から2番目の民家にいる男性の話を聞くと、2日目に貰える／穴掘り兄弟(右)
258,じゃくてんほけん,持たせると、効果抜群の攻撃を受けた時に『こうげき』『とくこう』ランクが2段階ずつ上がる。1度使用するとなくなる。
259,じゃくてんほけん,バトルタワーBPショップ右20BP
260,シャラサブレ,状態異常と『こんらん』状態をすべて回復。
261,シャラサブレ,バトルカフェ報酬
262,じゅうでんち,持たせると、『でんき』タイプの攻撃技を受けた時に『こうげき』ランクが1段階上がる。1度使用するとなくなる。
263,じゅうでんち,シュートシティ(ローズタワー(バトルタワー)右奥)／チャレンジビーチ／バトルタワーBPショップ右10BP／野生のデンヂムシが低確率で持っている
264,しゅんぱつのハネ,ポケモン1匹の『すばやさ』の基礎ポイント(努力値)が1上がる。最大値まで使用できる。
265,しゅんぱつのハネ,エンジンシティはずれの橋の上に落ちている
266,しらたま,『パルキア』に持たせると『みず』『ドラゴン』タイプの技の威力が1.2倍になる。
267,しらたま,パルキア入手後、ラテラルタウンのほりだしもの市でもらえる
268,シルクのスカーフ,持たせると、『ノーマル』タイプの技の威力が1.2倍になる。
269,シルクのスカーフ,エンジンシティ／ラテラルタウンのほりだしもの市(3000円)／野生のダストダスが高確率で持っている／野生のヤブクロンが低確率で持っている
270,シルバースプレー,200歩の間、先頭のポケモンよりレベルの低い野生のポケモンが出現しなくなる。
271,シルバースプレー,ナックルシティ(隠)／フレンドリィショップ(ジムバッジ5個以上)(700円)
272,しろいハーブ,持たせると、能力ランクが下がった時にターン終了時に元に戻る。1度使用するとなくなる。
273,しろいハーブ,見張り塔跡地／バトルタワーBPショップ右15BP／特性『ものひろい』で拾ってくる(レベルは未検証)
274,しろぼんぐり,ウッウロボに4個入れると、ごくまれに『スピードボール』が手に入る。
275,しろぼんぐり,一礼野原(道場の右)／集中の森(すべての木)／鍛錬平原(ファイトケイブ側)／巨人の靴底(a)／【鎧の孤島】ヨロイ島でランダムに落ちていたり、木を揺らして落としたり、女の子に100Wで交換してもらえる
276,しんかのきせき,最終進化前のポケモンに持たせると、『ぼうぎょ』『とくぼう』がそれぞれ1.5倍になる。進化しないポケモンには効果がない。
277,しんかのきせき,アラベスクタウンの左から2番目の民家にいるブリーダーの問いに「知りたい」と答え、バトル後にもらえる
278,しんじゅ,ショップで1000円で売れる。
279,しんじゅ,9番道路(キルクスの入り江)(隠)／げきりんの湖(隠ランダム(水上))／野生のシェルダー・パルシェンが高確率で持っている
280,しんちょうミント,ポケモンに使うと、特防が上がりやすくなるが、特攻は上がりにくくなる。(ただし性格は変わらない)
281,しんちょうミント,バトルタワーBPショップ左50BP／【鎧の孤島】『離れ島海域』にある島に毎日ランダムで落ちている
282,しんぴのしずく,持たせると、『みず』タイプの技の威力が1.2倍になる。
283,しんぴのしずく,チャレンジビーチ／最初に『メッソン』を選んでいると、エンジンシティでダンデにもらう／ラテラルタウンのほりだしもの市(3000円)／野生のラプラスが必ず持っている／野生のトサキント・シズクモ・オニシズクモが低確率で持っている
284,すいせいのかけら,ショップで30000円で売れる
285,すいせいのかけら,10番道路(隠)／ストーンズ原野(隠ランダム)／穴掘り兄弟(左)
286,すごいキズぐすり,HPを120だけ回復。
287,すごいキズぐすり,ナックルシティ(2個)／ルミナスメイズの森(2個)／8番道路(3個)／集中の森／フレンドリィショップ(ジムバッジ4個以上)(1500円)
288,スターアメざいく,『マホミル』に持たせ、Lスティックをぐるぐる回すと進化する。回転の仕方、時間帯、場所などによって姿が変わる。
289,スターアメざいく,2020年1月31日よりマホミルの限定レイドで入手可能
290,スチールメモリ,『シルヴァディ』に持たせると、『はがね』タイプになる。
291,スチールメモリ,クリア後、バトルタワー内の『タイプ：ヌル』を連れている女性からもらえる
292,すっぱいりんご,『カジッチュ』を進化させる。
293,すっぱいりんご,【ソードのみ】ナックルシティの男性に『カジッチュ』を見せるともらえる／ワイルドエリアの木の下にたまに落ちている(キバ湖の瞳など)
294,スピーダー,戦闘中に使用すると『すばやさ』ランクが2段階上がる。(第6世代までは1段階)
295,スピーダー,バウタウン(隠、2個)／シュートシティ(隠)／ナックルシティ(中央)のフレンドリィショップ(1000円)
296,スピードパウダー,『メタモン』に持たせると、『すばやさ』が2倍になる。ただし、『へんしん』後は効果がない。
297,スピードパウダー,野生のメタモンが高確率で持っている
298,ずぶといミント,ポケモンに使うと、防御が上がりやすくなるが、攻撃は上がりにくくなる。(ただし性格は変わらない)
299,ずぶといミント,バトルタワーBPショップ左50BP／【鎧の孤島】『離れ島海域』にある島に毎日ランダムで落ちている
300,スペシャルアップ,戦闘中に使用すると『とくこう』ランクを2段階上げる。(第6世代までは1段階)
301,スペシャルアップ,5番道路／ラテラルタウン(隠、2個)／キルクスタウン(隠、2個)／シュートシティ(隠、2個)／エンジンシティ(下層)のフレンドリィショップ(1000円)
302,スペシャルガード,戦闘中に使用すると『とくぼう』ランクが2段階上がる。(第6世代までは1段階)
303,スペシャルガード,エンジンシティ(下層)のフレンドリィショップ(2000円)
304,するどいキバ,持たせると、攻撃技を使用した時に10%で相手がひるむ効果が追加される。追加効果がある技(一部を除く)などには効果はない。また、『グライガー』に持たせて夜にレベルアップすると『グライオン』に進化する。
305,するどいキバ,入手方法不明
306,するどいくちばし,持たせると、『ひこう』タイプの技の威力が1.2倍になる。
307,するどいくちばし,4番道路／ラテラルタウンのほりだしもの市(3000円)
308,するどいツメ,持たせると、急所ランクが1段階上がる。また、『ニューラ』に持たせて夜にレベルアップすると『マニューラ』に進化する。
309,するどいツメ,砂塵の窪地(隠ランダム(奥の池の付近))／巨人の寝床／ナックルシティ(中央)ポケモンセンターBPショップ10BP／ラテラルタウンのほりだしもの市(3000円)／野生のジャラコ・ジャランゴが低確率で持っている
310,せいしんのハネ,ポケモン1匹の『とくぼう』の基礎ポイント(努力値)が1上がる。最大値まで使用できる。
311,せいしんのハネ,エンジンシティはずれの橋の上に落ちている
312,せいなるはい,すべての『ひんし』状態のポケモンを全回復。戦闘中は使用できない。
313,せいなるはい,入手方法不明
314,せいれいプレート,持たせると、『フェアリー』タイプの技の威力が1.2倍になる。また、『アルセウス』に持たせると『フェアリー』タイプになる。
315,せいれいプレート,8番道路(隠)／ラテラルタウンのほりだしもの市(3000円)
316,せっかちミント,ポケモンに使うと、素早さが上がりやすくなるが、防御は上がりにくくなる。(ただし性格は変わらない)
317,せっかちミント,バトルタワーBPショップ左50BP／【鎧の孤島】『離れ島海域』にある島に毎日ランダムで落ちている
318,せんせいのツメ,持たせると、20%の確率で素早さに関係なく先制できる。
319,せんせいのツメ,ラテラルタウンのほりだしもの市(3000円)／野生のニューラが低確率で持っている
320,ダークメモリ,『シルヴァディ』に持たせると、『あく』タイプになる。
321,ダークメモリ,クリア後、バトルタワー内の『タイプ：ヌル』を連れている女性からもらえる
322,ダイキノコ,マスター道場でダイスープを作る時に必要。また、戦闘中に使うとすべての能力ランクを1段階ずつ上げる。
323,ダイキノコ,『慣らしの洞穴』で拾える／クララ(セイボリー)に3個もらえる／レイドバトルをすると、たまに『慣らしの洞穴』『集中の森』『ファイトケイブ』『闘心の洞窟』に生えて来る
324,だいちのプレート,持たせると、『じめん』タイプの技の威力が1.2倍になる。また、『アルセウス』に持たせると『じめん』タイプになる。
325,だいちのプレート,入手方法不明
326,ダイマックスアメ,ポケモンに使うと、ダイマックスレベルが1上がる。
327,ダイマックスアメ,マックスレイドバトル報酬
328,ダイミツ,マスター道場で『ウーラオス』をキョダイマックスさせるダイスープを作る時に必要。また、ポケモンに使えば『ひんし』状態からHPをすべて回復する。
329,ダイミツ,『ハニカーム島(ヨロイ島)』でビークインのマックスレイドバトルで手に入る／鎧の孤島『ミツハニー』『ビークイン』★3-5のレイドバトルの報酬
330,たいようのいし,『クサイハナ』『ヒマナッツ』『モンメン』『チュリネ』『エリキテル』を進化させる。
331,たいようのいし,砂塵の窪地／一礼野原／穴掘り兄弟／野生のソルロックが低確率で持っている
332,たいりょくのハネ,ポケモン1匹の『HP』の基礎ポイント(努力値)が1上がる。最大値まで使用できる。
333,たいりょくのハネ,エンジンシティはずれの橋の上に落ちている
334,タウリン,『こうげき』の基礎ポイント(努力値)が10上がる。同時に「なかよし度」(なつき度)が少し上がる(第8世代は不明)。第8世代は最大値まで使用できるが、第7世代までは既に100以上のポイントがある場合は使用できない。
335,タウリン,清涼湿原／シュートシティ(駅側)のフレンドリィショップ(10000円)／ナックルシティ(中央)ポケモンセンターBPショップ2BP
336,だっしゅつパック,持たせると、能力ランクが下がった時に手持ちのポケモンと入れ替わる
337,だっしゅつパック,雪中渓谷／バトルタワーBPショップ右20BP
338,だっしゅつボタン,持たせると、技を受けた時、手持ちポケモンと交代できる。(技を受けた後)
339,だっしゅつボタン,バトルタワーBPショップ右20BP
340,たつじんのおび,持たせると、効果抜群の技を使った時に威力が1.2倍になる。
341,たつじんのおび,一礼野原／ターフタウンの丘入口にいる女の子に話しかけ、「くさ」「みず」「ほのお」の順で石版を調べる
342,たべのこし,持たせると、毎ターンHPが最大HPの1/16ずつ回復する。
343,たべのこし,巨人の腰かけ／ワイルドエリアのきのみの生る木からたまに手に入る(巨人の鏡池など)／特性『ものひろい』で拾ってくる(レベルは未検証)／野生のゴンベが必ず持っている
344,たまむしプレート,持たせると、『むし』タイプの技の威力が1.2倍になる。また、『アルセウス』に持たせると『むし』タイプになる。
345,たまむしプレート,入手方法不明
346,ちいさなキノコ,ショップで250円で売れる。
347,ちいさなキノコ,うららか草原(隠ランダム)／野生のタマゲタケ・ネマシュ・マシェードが高確率で持っている
348,ちからのこな,HPを60だけ回復。ただし、「なかよし度」(なつき度)が下がる。
349,ちからのこな,4番道路(隠)／バウタウンの漢方薬屋(500円)
350,ちからのねっこ,HPを120だけ回復。ただし、「なかよし度」(なつき度)が下がる。
351,ちからのねっこ,4番道路(隠)／ターフタウン(隠)／うららか草原(隠ランダム)／バウタウンの漢方薬屋(1200円)
352,ちからのハチマキ,持たせると、物理技の威力が1.1倍になる。
353,ちからのハチマキ,ナックルシティ／チャレンジロード
354,ちりょくのハネ,ポケモン1匹の『とくこう』の基礎ポイント(努力値)が1上がる。最大値まで使用できる。
355,ちりょくのハネ,エンジンシティはずれの橋の上に落ちている
356,つきのいし,『ニドリーノ』『ニドリーナ』『ピッピ』『プリン』『エネコ』『ムンナ』を進化させる。
357,つきのいし,砂塵の窪地／登頂トンネル／穴掘り兄弟／野生のピッピ・プリン・ルナトーンが低確率で持っている
358,つめたいいわ,持たせると、技『あられ』特性『ゆきふらし』の効果が8ターン持続するようになる。
359,つめたいいわ,闘心の洞窟／ナックルシティ東(右)の通りの手前から2番目の民家にいる男性の話を聞くと、3日目に貰える／穴掘り兄弟(右)
360,つららのプレート,持たせると、『こおり』タイプの技の威力が1.2倍になる。また、『アルセウス』に持たせると『こおり』タイプになる。
361,つららのプレート,入手方法不明
362,ていこうのハネ,ポケモン1匹の『ぼうぎょ』の基礎ポイント(努力値)が1上がる。最大値まで使用できる。
363,ていこうのハネ,エンジンシティはずれの橋の上に落ちている
364,ディフェンダー,戦闘中に使用すると『ぼうぎょ』ランクを2段階上げる。(第6世代までは1段階)
365,ディフェンダー,3番道路(隠、2個)／8番道路(隠、3個)／エンジンシティ(下層)のフレンドリィショップ(2000円)
366,でかいきんのたま,ショップで20000円で売れる。
367,でかいきんのたま,8番道路(隠)／シュートシティ(隠)／海鳴りの洞窟／マックスレイドバトル報酬／ポケジョブ(難易度10の大成功報酬)
368,でんきだま,『ピカチュウ』に持たせると、『こうげき』『とくこう』がそれぞれ2倍になる。また、『ピカチュウ』『ライチュウ』に持たせて『タマゴ』を作ると、技『ボルテッカー』を覚えた『ピチュー』が生まれる。
369,でんきだま,野生のピカチュウが低確率で持っている
370,どくけし,『どく』状態を回復。
371,どくけし,ショップ(200円)
372,とくせいカプセル,2種類の特性(隠れ特性は除く)を持つポケモンに使うと、もう片方の特性になる。隠れ特性には効果がない。
373,とくせいカプセル,バトルタワーBPショップ右50BP／【冠の雪原】マックスダイ巣穴の右の女性『マックスこうせき』50個で交換できる
374,とくせいパッチ,通常の特性のポケモンを、隠れ特性に変えることができる。
375,とくせいパッチ,ネクロズマを捕まえて『ピオニー』に報告するともらえる／【冠の雪原】マックスダイ巣穴の右の女性『マックスこうせき』200個で交換できる
376,どくどくだま,持たせると、戦闘に出た最初のターンの終わりに『もうどく』状態になる。ただし、すでに他の状態異常になっている場合は発動しない。
377,どくどくだま,並ぶ島の海／トーナメントで毎日2周目以降にランダムでもらえる
378,どくバリ,持たせると、『どく』タイプの技の威力が1.2倍になる。
379,どくバリ,巨人の靴底／ラテラルタウンのほりだしもの市(3000円)／野生のメノクラゲ・ドククラゲ・ハリーセン・ロゼリア・スボミー・スコルピ・ドラピオン・フシデ・ヒドイデ・ドヒドイデが低確率で持っている
380,とけないこおり,持たせると、『こおり』タイプの技の威力が1.2倍になる。
381,とけないこおり,9番道路(キルクスの入り江)(隠)／ラテラルタウンのほりだしもの市(3000円)／野生のバイバニラが高確率で持っている／野生のユキカブリ・ユキノオー・バニプッチ・バニリッチが低確率で持っている
382,とつげきチョッキ,持たせると、『とくぼう』が1.5倍になるが、変化技を出せなくなる。
383,とつげきチョッキ,げきりんの湖／巨人の寝床／バトルタワーBPショップ右25BP
384,ドラゴンメモリ,『シルヴァディ』に持たせると、『ドラゴン』タイプになる。
385,ドラゴンメモリ,クリア後、バトルタワー内の『タイプ：ヌル』を連れている女性からもらえる
386,ながねぎ,『カモネギ』『ネギガナイト』に持たせると、急所ランクが2段階上がる。
387,ながねぎ,野生のカモネギ(ガラル)が高確率で持っている
388,なまいきミント,ポケモンに使うと、特防が上がりやすくなるが、素早さは上がりにくくなる。(ただし性格は変わらない)
389,なまいきミント,バトルタワーBPショップ左50BP／【鎧の孤島】『離れ島海域』にある島に毎日ランダムで落ちている
390,なんでもなおし,状態異常と『こんらん』状態をすべて回復。ただし、『メロメロ』状態などは回復できない。
391,なんでもなおし,バウタウン(隠)／ルミナスメイズの森(隠、2個)／雪中渓谷／フレンドリィショップ(ジムバッジ6個以上)(400円)
392,においぶくろ,『シュシュプ』に持たせて通信交換すると『フレフワン』に進化する。
393,においぶくろ,ナックルシティ(中央)ポケモンセンターBPショップ10BP／バトルカフェ報酬
394,ニビあられ,状態異常と『こんらん』状態をすべて回復。
395,ニビあられ,バトルカフェ報酬
396,ねがいのかたまり,ワイルドエリアにあるポケモンの巣に投げ込むと、マックスレイドバトルの柱が立つ。
397,ねがいのかたまり,ワットショップ／穴掘り兄弟(左)／トーナメントで毎日1周目にもらえる／【冠の雪原】マックスダイ巣穴の右の女性『マックスこうせき』3個で交換できる
398,ねばりのかぎづめ,持たせると、バインド効果のある束縛技『うずしお』『からではさむ』『サンダープリズン』『しめつける』『すなじごく』『トラバサミ』『ほのおのうず』『まきつく』『マグマストーム』『まとわりつく』で毎ターン相手にダメージを与える効果が7ターンに増える。
399,ねばりのかぎづめ,第二鉱山／野生のサンドが低確率で持っている
400,ねむけざまし,『ねむり』状態を回復。
401,ねむけざまし,ショップ(200円)
402,ねらいのまと,持たせると、タイプ相性で無効になるタイプの技を受けるようになる。
403,ねらいのまと,ラテラルタウンのほりだしもの市(3000円)
404,のうてんきミント,ポケモンに使うと、防御が上がりやすくなるが、特防は上がりにくくなる。(ただし性格は変わらない)
405,のうてんきミント,バトルタワーBPショップ左50BP／【鎧の孤島】『離れ島海域』にある島に毎日ランダムで落ちている
406,ノーマルジュエル,持たせると、『ノーマル』タイプの技を使った時に威力が1.3倍になる。1度使用するとなくなる。
407,ノーマルジュエル,9番道路(キルクスの入り江)(隠)／穴掘り兄弟
408,のどスプレー,持たせると、音系の技を使ったときに『とくこう』ランクが1段階上がる。
409,のどスプレー,雪中渓谷／バトルタワーBPショップ右10BP／エンジンシティのスボミーインの左の建物の前にいる男の子の『チラーミィ』を探すイベント後にもらう
410,のろいのおふだ,持たせると、『ゴースト』タイプの技の威力が1.2倍になる。
411,のろいのおふだ,ラテラルタウンのほりだしもの市(3000円)／野生のヨマワル・サマヨール・スナバァが低確率で持っている
412,のんきのおこう,持たせると、相手の技の命中率が0.9倍になる。また、『ソーナンス』に持たせて『タマゴ』を作ると『ソーナノ』が生まれる。
413,のんきのおこう,バウタウン御香ショップ5000円
414,のんきミント,ポケモンに使うと、防御が上がりやすくなるが、素早さは上がりにくくなる。(ただし性格は変わらない)
415,のんきミント,バトルタワーBPショップ左50BP／【鎧の孤島】『離れ島海域』にある島に毎日ランダムで落ちている
416,ハートアメざいく,『マホミル』に持たせ、Lスティックをぐるぐる回すと進化する。回転の仕方、時間帯、場所などによって姿が変わる。
417,ハートアメざいく,バトルカフェ報酬
418,ハートスイーツ,HPを20だけ回復。
419,ハートスイーツ,バトルカフェ報酬
420,バグメモリ,『シルヴァディ』に持たせると、『むし』タイプになる。
421,バグメモリ,クリア後、バトルタワー内の『タイプ：ヌル』を連れている女性からもらえる
422,はっきんだま,『ギラティナ』に持たせると、『ドラゴン』『ゴースト』タイプの技の威力が1.2倍になる。また、オリジンフォルムになる。
423,はっきんだま,ギラティナ入手後、ラテラルタウンのほりだしもの市でもらえる
424,パワーアンクル,持たせると、もらえる『すばやさ』の基礎ポイント(努力値)が+8される(第6世代までは+4)。『すばやさ』が半分になる。
425,パワーアンクル,ナックルシティ(中央)ポケモンセンターBPショップ10BP
426,パワーウエイト,持たせると、もらえるHPの基礎ポイント(努力値)が+8される(第6世代までは+4)。『すばやさ』が半分になる。
427,パワーウエイト,ナックルシティ(中央)ポケモンセンターBPショップ10BP
428,パワーバンド,持たせると、もらえる『とくぼう』の基礎ポイント(努力値)が+8される(第6世代までは+4)。『すばやさ』が半分になる。
429,パワーバンド,ナックルシティ(中央)ポケモンセンターBPショップ10BP
430,パワーベルト,持たせると、もらえる『ぼうぎょ』の基礎ポイント(努力値)が+8される(第6世代までは+4)。『すばやさ』が半分になる。
431,パワーベルト,ナックルシティ(中央)ポケモンセンターBPショップ10BP
432,パワーリスト,持たせると、もらえる『こうげき』の基礎ポイント(努力値)が+8される(第6世代までは+4)。『すばやさ』が半分になる。
433,パワーリスト,ナックルシティ(中央)ポケモンセンターBPショップ10BP
434,パワーレンズ,持たせると、もらえる『とくこう』の基礎ポイント(努力値)が+8される(第6世代までは+4)。『すばやさ』が半分になる。
435,パワーレンズ,ナックルシティ(中央)ポケモンセンターBPショップ10BP
436,パワフルハーブ,持たせると、2ターン用いる技(ため技)『あなをほる』『かまいたち』『ゴーストダイブ』『ゴッドバード』『ジオコントロール』『シャドーダイブ』『ソーラービーム』『そらをとぶ』『ダイビング』『とびはねる』『メテオビーム』『ロケットずつき』を1ターン目で攻撃することができる。1度使用するとなくなる。
437,パワフルハーブ,10番道路／バトルタワーBPショップ右15BP／特性『ものひろい』で拾ってくる(レベルは未検証)／野生のタネボー・コノハナが低確率で持っている
438,ばんのうがさ,持たせると、『にほんばれ』と『あめ』の天候の影響を受けなくなる。
439,ばんのうがさ,フリーズ村／ナックルシティ東(右)の通りの手前から2番目の民家にいる男性の話を聞くと、5日目に貰える
440,ばんのうごな,状態異常と『こんらん』状態をすべて回復。ただし、「なかよし度」(なつき度)が下がる。
441,ばんのうごな,バウタウンの漢方薬屋(300円)
442,ピーピーエイダー,すべての技のPPを10ずつ回復。
443,ピーピーエイダー,まどろみの森(隠、奥)／8番道路(隠)／ポケジョブ(難易度9の大成功報酬)
444,ピーピーエイド,1つの技のPPを10回復。
445,ピーピーエイド,ガラル鉱山(隠)／4番道路(隠)／7番道路(隠)／ポケジョブ(難易度7の大成功報酬、8の成功報酬、9の達成報酬)
446,ピーピーマックス,すべての技のPPをすべて回復。
447,ピーピーマックス,9番道路(キルクスの入り江)(隠)
448,ピーピーリカバー,1つの技のPPをすべて回復。
449,ピーピーリカバー,2番道路(隠、湖の奥)／ポケジョブ(難易度8の大成功報酬、9の成功報酬)
450,ヒウンアイス,状態異常と『こんらん』状態をすべて回復。
451,ヒウンアイス,バトルカフェ報酬
452,ひかえめミント,ポケモンに使うと、特攻が上がりやすくなるが、攻撃は上がりにくくなる。(ただし性格は変わらない)
453,ひかえめミント,バトルタワーBPショップ左50BP／【鎧の孤島】『離れ島海域』にある島に毎日ランダムで落ちている
454,ひかりごけ,持たせると、『みず』タイプの技のダメージを受けた時に『とくぼう』ランクが1段階上がる。1度使用するとなくなる。
455,ひかりごけ,ルミナスメイズの森(隠)／バトルタワーBPショップ右10BP
456,ひかりのいし,『トゲチック』『ロゼリア』『チラーミィ』『フラエッテ』を進化させる。
457,ひかりのいし,8番道路／湖畔の洞窟／穴掘り兄弟
458,ひかりのこな,持たせると、相手の技の命中率が0.9倍になる。
459,ひかりのこな,ルミナスメイズの森
460,ひかりのねんど,持たせると、技『ひかりのかべ』『リフレクター』『オーロラベール』の効果が8ターン持続するようになる。
461,ひかりのねんど,6番道路／バトルタワーBPショップ右15BP／穴掘り兄弟／野生のヤジロン・ネンドール・ゴビット・ゴルーグ・ドロバンコ・バンバドロが低確率で持っている
462,ピッピにんぎょう,野生のポケモンとの戦闘中に使用すると必ず逃げられる。
463,ピッピにんぎょう,ブラッシータウン／エンジンシティ(隠)／キルクスタウン／清涼湿原／いにしえの墓地／フレンドリィショップ(ジムバッジ2個以上)(300円)
464,ひのたまプレート,持たせると、『ほのお』タイプの技の威力が1.2倍になる。また、『アルセウス』に持たせると『ほのお』タイプになる。
465,ひのたまプレート,入手方法不明
466,ビビリだま,ポケモンに持たせると、特性『いかく』を受けた時に『すばやさ』ランクが1段階上がる。
467,ビビリだま,バトルタワーBPショップ右10BP
468,ピントレンズ,持たせると、急所ランクが1段階上がる。
469,ピントレンズ,9番道路(スパイクタウンはずれ)
470,ファイトメモリ,『シルヴァディ』に持たせると、『かくとう』タイプになる。
471,ファイトメモリ,クリア後、バトルタワー内の『タイプ：ヌル』を連れている女性からもらえる
472,ファイヤーメモリ,『シルヴァディ』に持たせると、『ほのお』タイプになる。
473,ファイヤーメモリ,クリア後、バトルタワー内の『タイプ：ヌル』を連れている女性からもらえる
474,ふうせん,持たせると、『ふゆう』状態になり『じめん』タイプの技が当たらなくなる。ただし、攻撃を受けると効果がなくなる。
475,ふうせん,シュートシティ／バトルタワーBPショップ右15BP
476,フェアリーメモリ,『シルヴァディ』に持たせると、『フェアリー』タイプになる。
477,フェアリーメモリ,クリア後、バトルタワー内の『タイプ：ヌル』を連れている女性からもらえる
478,フエンせんべい,状態異常と『こんらん』状態をすべて回復。
479,フエンせんべい,バトルカフェ報酬
480,フォーカスレンズ,持たせると、後攻のとき技の命中率が1.2倍になる。
481,フォーカスレンズ,9番道路(キルクスの入り江)
482,ふしぎなアメ,ポケモンのレベルが1上がる。
483,ふしぎなアメ,ブラッシータウン／4番道路(隠)／ナックルシティ(隠)／6番道路(隠)／9番道路(キルクスの入り江)(隠)／シュートシティ(隠)／シュートシティ(隠、ローズタワー(バトルタワー)左下)／ワークアウトの海／登頂トンネル／海鳴りの洞窟／ボールレイクの湖畔／マックスレイドバトル報酬／ポケジョブ(難易度9の大成功報酬)／ポケモンセンターIDくじ1等
484,ふしぎのプレート,持たせると、『エスパー』タイプの技の威力が1.2倍になる。また、『アルセウス』に持たせると『エスパー』タイプになる。
485,ふしぎのプレート,入手方法不明
486,ふっかつそう,『ひんし』状態からHPをすべて回復。ただし、「なかよし度」(なつき度)が下がる
487,ふっかつそう,エンジンシティ(隠)／4番道路(隠)／バウタウンの漢方薬屋(2800円)／【鎧の孤島】『清涼湿原』に毎日ランダムで落ちている
488,ふといホネ,『カラカラ』『ガラガラ』『ガラガラ(アローラ)』に持たせると、『こうげき』が2倍になる。
489,ふといホネ,【鎧の孤島】『慣らしの洞穴』にランダムに落ちている／野生のカラカラが低確率で持っている
490,フライングメモリ,『シルヴァディ』に持たせると、『ひこう』タイプになる。
491,フライングメモリ,クリア後、バトルタワー内の『タイプ：ヌル』を連れている女性からもらえる
492,プラスパワー,戦闘中に使用すると『こうげき』ランクが2段階上がる。(第6世代までは1段階)
493,プラスパワー,ターフタウン(3個)／ナックルシティ(2個)／10番道路(隠、2個)／エンジンシティ(下層)のフレンドリィショップ(1000円)
494,フリーズカセット,『ゲノセクト』に持たせると技『テクノバスター』が『こおり』タイプになる。
495,フリーズカセット,入手方法不明
496,ブレイズカセット,『ゲノセクト』に持たせると技『テクノバスター』が『ほのお』タイプになる。
497,ブレイズカセット,入手方法不明
498,プロテクター,『サイドン』に持たせて通信交換すると『ドサイドン』に進化する。
499,プロテクター,9番道路(キルクスの入り江)／鍋底砂漠／ナックルシティ(中央)ポケモンセンターBPショップ10BP／ラテラルタウンのほりだしもの市(3000円)
500,ブロムヘキシン,『ぼうぎょ』の基礎ポイント(努力値)が10上がる。同時に「なかよし度」(なつき度)が少し上がる(第8世代は不明)。第8世代は最大値まで使用できるが、第7世代までは既に100以上のポイントがある場合は使用できない。
501,ブロムヘキシン,ファイトケイブ／シュートシティ(駅側)のフレンドリィショップ(10000円)／ナックルシティ(中央)ポケモンセンターBPショップ2BP
502,べにいろのたま,『グラードン』に持たせると、『ゲンシグラードン』にゲンシカイキする。
503,べにいろのたま,入手方法不明
504,ベリーアメざいく,『マホミル』に持たせ、Lスティックをぐるぐる回すと進化する。回転の仕方、時間帯、場所などによって姿が変わる。
505,ベリーアメざいく,バトルカフェ報酬
506,ポイズンメモリ,『シルヴァディ』に持たせると、『どく』タイプになる。
507,ポイズンメモリ,クリア後、バトルタワー内の『タイプ：ヌル』を連れている女性からもらえる
508,ホイップポップ,『ペロッパフ』に持たせて通信交換すると『ペロリーム』に進化する。
509,ホイップポップ,ナックルシティ(中央)ポケモンセンターBPショップ10BP／バトルカフェ報酬
510,ポイントアップ,1つの技のPPの最大値を1段階上げる(初期最大値の1/5増やす)。1つの技につき3個まで使用できる。
511,ポイントアップ,エンジンシティはずれ(隠)／7番道路(隠)／9番道路(キルクスの入り江)(隠)／10番道路(隠)／シュートシティ(隠、ローズタワー(バトルタワー)右奥)／登頂トンネル／ボールレイクの湖畔／ナックルシティ(中央)ポケモンセンターBPショップ10BP／ポケモンセンターIDくじ3等
512,ポイントマックス,1つの技のPPの最大値を限界まで上げる(初期最大値の8/5になる)。1つの技につき1度だけ使用できる。
513,ポイントマックス,2番道路(湖の真ん中の島)／トーナメントで手に入る(未検証)／ポケモンセンターIDくじ2等
514,ぼうごパット,直接攻撃をした時に受ける相手の特性の効果を受けない。
515,ぼうごパット,ラテラルタウンのほりだしもの市(3000円)
516,ぼうじんゴーグル,持たせると、天気『あられ』『すなあらし』によるダメージを受けない。また、粉系の技『いかりのこな』『キノコのほうし』『しびれごな』『どくのこな』『ねむりごな』『ふんじん』『まほうのこな』『わたほうし』、特性『ほうし』の効果を受けない。
517,ぼうじんゴーグル,7番道路／登頂トンネル
518,ポケじゃらし,野生のポケモンとの戦闘中に使用すると必ず逃げられる。
519,ポケじゃらし,入手方法不明
520,ほしのかけら,ショップで6000円で売れる。
521,ほしのかけら,第二鉱山(隠)／8番道路(湯けむり小路)(隠、2個)／ストーンズ原野(隠ランダム)／穴掘り兄弟／野生のヒトデマンが低確率で持っている
522,ほしのすな,ショップで1500円で売れる。
523,ほしのすな,ガラル鉱山(隠)／ストーンズ原野(隠ランダム)／穴掘り兄弟／野生のヒトデマン・ルナトーン・ソルロックが高確率で持っている
524,ほのおのいし,『ロコン』『ガーディ』『イーブイ』『バオップ』を進化させる。
525,ほのおのいし,エンジンリバーサイド／げきりんの湖(隠ランダム)／鍋底砂漠／穴掘り兄弟
526,まがったスプーン,持たせると、『エスパー』タイプの技の威力が1.2倍になる。
527,まがったスプーン,ラテラルタウンのほりだしもの市(3000円)／野生のケーシィが低確率で持っている
528,マグマブースター,『ブーバー』に持たせて通信交換すると『ブーバーン』に進化する。
529,マグマブースター,登頂トンネル
530,まじめミント,ポケモンに使うと、攻撃、防御、素早さ、特攻、特防が満遍なく育つようになる。(ただし性格は変わらない)
531,まじめミント,バトルタワーBPショップ左50BP／【鎧の孤島】『離れ島海域』にある島に毎日ランダムで落ちている
532,マックスアップ,HPの基礎ポイント(努力値)が10上がる。同時に「なかよし度」(なつき度)が少し上がる(第8世代は不明)。第8世代は最大値まで使用できるが、第7世代までは既に100以上のポイントがある場合は使用できない。
533,マックスアップ,一礼野原／シュートシティ(駅側)のフレンドリィショップ(10000円)／ナックルシティ(中央)ポケモンセンターBPショップ2BP
534,マックスこうせき,マックスダイ巣穴の右の女性に渡すと、『ウルトラボール』や『とくせいパッチ』などの貴重な道具と交換してもらえる
535,マックスこうせき,ダイマックスアドベンチャー報酬／カンムリ雪原レイドバトル報酬
536,まひなおし,『まひ』状態を回復。
537,まひなおし,1番道路(2個)／エンジンシティ(隠、2個)／4番道路／フレンドリィショップ(200円)
538,まんたんのくすり,HPを全回復。
539,まんたんのくすり,9番道路／巨人の寝床／フレンドリィショップ(ジムバッジ7個以上)(2500円)
540,まんぷくおこう,持たせると、必ず後攻になる。また、『カビゴン』に持たせて『タマゴ』を作ると『ゴンベ』が生まれる。
541,まんぷくおこう,バウタウン御香ショップ5000円
542,まんまるいし,『ピンプク』に持たせ、朝・昼にレベルアップで『ラッキー』に進化。
543,まんまるいし,『清涼湿原(ヨロイ島)』や『闘心の洞窟(ヨロイ島)』にランダムに落ちている／野生のピンプクが高確率で持っている
544,ミアレガレット,状態異常と『こんらん』状態をすべて回復。
545,ミアレガレット,バトルカフェ報酬
546,ミストシード,持たせると、『ミストフィールド』の時に『とくぼう』ランクが1段階上がる。
547,ミストシード,まどろみの森(奥)／野生のマタドガス(ガラル)が低確率で持っている
548,みずのいし,『ニョロゾ』『シェルダー』『ヒトデマン』『イーブイ』『ハスブレロ』『ヒヤップ』を進化させる。
549,みずのいし,2番道路(隠、水上を下に進む)／ハシノマ原っぱ／げきりんの湖(隠ランダム)／穴掘り兄弟
550,ミックスオレ,HPを70だけ回復。
551,ミックスオレ,キルクスタウン／エンジンシティ駅などにある自動販売機(350円)
552,みどぼんぐり,ウッウロボに4個入れると、ごくまれに『フレンドボール』が手に入る。
553,みどぼんぐり,一礼野原(c)／清涼湿原(巣穴A側)／集中の森(すべての木)／巨人の靴底(a)／巨人の靴底(b)／【鎧の孤島】ヨロイ島でランダムに落ちていたり、木を揺らして落としたり、女の子に100Wで交換してもらえる
554,みどりのプレート,持たせると、『くさ』タイプの技の威力が1.2倍になる。また、『アルセウス』に持たせると『くさ』タイプになる。
555,みどりのプレート,入手方法不明
556,むじゃきミント,ポケモンに使うと、素早さが上がりやすくなるが、特防は上がりにくくなる。(ただし性格は変わらない)
557,むじゃきミント,バトルタワーBPショップ左50BP／【鎧の孤島】『離れ島海域』にある島に毎日ランダムで落ちている
558,むしよけスプレー,100歩の間、先頭のポケモンよりレベルの低い野生のポケモンが出現しなくなる。
559,むしよけスプレー,2番道路(隠)／エンジンシティ(隠)／4番道路(隠)／フレンドリィショップ(ジムバッジ3個以上)(400円)
560,めざめいし,『ユキワラシ』(♀)、『キルリア』(♂)を進化させる。
561,めざめいし,巨人の帽子／げきりんの湖(隠ランダム)／ボールレイクの湖畔／穴掘り兄弟
562,メタルコート,持たせると、『はがね』タイプの技の威力が1.2倍になる。『ストライク』『イワーク』に持たせて通信交換すると進化する。
563,メタルコート,ラテラルタウン(隠)／チャレンジロード／穴掘り兄弟／ラテラルタウンのほりだしもの市(3000円)／野生のコイル・エアームド・ドーミラー・ドータクンが低確率で持っている
564,メタルパウダー,『メタモン』に持たせると、『ぼうぎょ』が2倍になる。ただし、『へんしん』後は効果がない。
565,メタルパウダー,野生のメタモンが低確率で持っている
566,メトロノーム,持たせると、連続で同じ技を使用する度にダメージが20%ずつ上昇していく(最大2倍)。ただし、違う技を使うと元に戻る。
567,メトロノーム,ボールレイクの湖畔／ラテラルタウンのほりだしもの市(3000円)
568,メンタルハーブ,持たせると、『アンコール』『いちゃもん』『かいふくふうじ』『ちょうはつ』『メロメロ』状態になった時に自分で回復する。1度使用するとなくなる。
569,メンタルハーブ,まどろみの森(奥)／バトルタワーBPショップ右15BP／特性『ものひろい』で拾ってくる(レベルは未検証)／野生のハスボー・ハスブレロ・ヤンチャム・ゴロンダが低確率で持っている
570,もうどくプレート,持たせると、『どく』タイプの技の威力が1.2倍になる。また、『アルセウス』に持たせると『どく』タイプになる。
571,もうどくプレート,入手方法不明
572,モーモーミルク,HPを100だけ回復。
573,モーモーミルク,鍛錬平原／ポケモンセンターIDくじ4等／ワイルドエリアでネット接続すると出現するトレーナーからもらえる／野生のミルタンクが必ず持っている
574,もくたん,持たせると、『ほのお』タイプの技の威力が1.2倍になる。
575,もくたん,フリーズ村／最初に『ヒバニー』を選んでいると、エンジンシティでダンデにもらう／ラテラルタウンのほりだしもの市(3000円)／野生のロコン・キュウコン・コータス・バクガメスが低確率で持っている
576,ものしりメガネ,持たせると、特殊技の威力が1.1倍になる。
577,ものしりメガネ,ナックルシティ
578,もののけプレート,持たせると、『ゴースト』タイプの技の威力が1.2倍になる。また、『アルセウス』に持たせると『ゴースト』タイプになる。
579,もののけプレート,入手方法不明
580,ももぼんぐり,ウッウロボに4個入れると、ごくまれに『ラブラブボール』が手に入る。
581,ももぼんぐり,一礼野原(南西)／清涼湿原(巣穴G側)／集中の森(すべての木)／巨人の靴底(d)／【鎧の孤島】ヨロイ島でランダムに落ちていたり、木を揺らして落としたり、女の子に100Wで交換してもらえる
582,もりのヨウカン,状態異常と『こんらん』状態をすべて回復。
583,もりのヨウカン,バトルカフェ報酬
584,やけどなおし,『やけど』状態を回復。
585,やけどなおし,エンジンシティ(3個)／3番道路(隠)／フレンドリィショップ(200円)
586,やすらぎのすず,持たせると、得られる「なかよし度」(なつき度)が1.5倍になる。歩くだけでも効果がある。
587,やすらぎのすず,いにしえの墓地／ナックルシティの中央の通りの看板右の民家にいる女性からもらえる
588,やみのいし,『ヤミカラス』『ムウマ』『ランプラー』『ニダンギル』を進化させる。
589,やみのいし,ラテラルタウン／雪中渓谷／穴掘り兄弟
590,やわらかいすな,持たせると、『じめん』タイプの技の威力が1.2倍になる。
591,やわらかいすな,第二鉱山(隠)／穴掘り兄弟(右)／野生のディグダ・ダグトリオ・ツチニン・ナックラーが低確率で持っている
592,やんちゃミント,ポケモンに使うと、攻撃が上がりやすくなるが、特防は上がりにくくなる。(ただし性格は変わらない)
593,やんちゃミント,バトルタワーBPショップ左50BP／【鎧の孤島】『離れ島海域』にある島に毎日ランダムで落ちている
594,ゆうかんミント,ポケモンに使うと、攻撃が上がりやすくなるが、素早さは上がりにくくなる。(ただし性格は変わらない)
595,ゆうかんミント,バトルタワーBPショップ左50BP／【鎧の孤島】『離れ島海域』にある島に毎日ランダムで落ちている
596,ゆきだま,持たせると、『こおり』タイプの技のダメージを受けた時に『こうげき』ランクが1段階上がる。1度使用するとなくなる。
597,ゆきだま,キルクスタウン／バトルタワーBPショップ右10BP／野生のユキワラシ・ユキハミが低確率で持っている
598,ようきミント,ポケモンに使うと、素早さが上がりやすくなるが、特攻は上がりにくくなる。(ただし性格は変わらない)
599,ようきミント,バトルタワーBPショップ左50BP／【鎧の孤島】『離れ島海域』にある島に毎日ランダムで落ちている
600,ヨクアタール,戦闘中に使用すると命中率のランクが2段階上がる。(第6世代までは1段階)
601,ヨクアタール,エンジンシティ(隠)／4番道路(隠)／ナックルシティ(中央)のフレンドリィショップ(1000円)
602,よつばアメざいく,『マホミル』に持たせ、Lスティックをぐるぐる回すと進化する。回転の仕方、時間帯、場所などによって姿が変わる。
603,よつばアメざいく,バトルカフェ報酬
604,ヨロイこうせき,マスター道場にいる技マニアに5個渡すとポケモンに教え技を覚えさせてくれる。また、掘り出しオヤジなどに必要。
605,ヨロイこうせき,マスター道場で『ミツバ』からもらえる／ヨロイ島のレイドバトル報酬／掘り出しマダム／【鎧の孤島】『鍋底砂漠』『闘心の洞窟』に毎日ランダムで落ちている／【冠の雪原】マックスダイ巣穴の右の女性『マックスこうせき』3個で交換できる
606,ラッキーパンチ,『ラッキー』に持たせると、急所ランクが1段階上がる。
607,ラッキーパンチ,入手方法不明
608,リーフのいし,『クサイハナ』『ウツドン』『タマタマ』『コノハナ』『ヤナップ』を進化させる。第8世代からは『イーブイ』も進化させる。
609,リーフのいし,ターフタウン(隠)／げきりんの湖(隠ランダム)／集中の森／穴掘り兄弟
610,リゾチウム,『とくこう』の基礎ポイント(努力値)が10上がる。同時に「なかよし度」(なつき度)が少し上がる(第8世代は不明)。第8世代は最大値まで使用できるが、第7世代までは既に100以上のポイントがある場合は使用できない。
611,リゾチウム,ワークアウトの海／シュートシティ(駅側)のフレンドリィショップ(10000円)／ナックルシティ(中央)ポケモンセンターBPショップ2BP
612,リボンアメざいく,『マホミル』に持たせ、Lスティックをぐるぐる回すと進化する。回転の仕方、時間帯、場所などによって姿が変わる。
613,リボンアメざいく,2020年1月31日よりマホミルの限定レイドで入手可能
614,りゅうのウロコ,『シードラ』に持たせて通信交換すると『キングドラ』に進化する。
615,りゅうのウロコ,ハニカームの海／野生のタッツーが低確率で持っている
616,りゅうのキバ,持たせると、『ドラゴン』タイプの技の威力が1.2倍になる。
617,りゅうのキバ,登頂トンネル／ラテラルタウンのほりだしもの市(3000円)／野生のクリムガンが低確率で持っている
618,りゅうのプレート,持たせると、『ドラゴン』タイプの技の威力が1.2倍になる。また、『アルセウス』に持たせると『ドラゴン』タイプになる。
619,りゅうのプレート,入手方法不明
620,ルームサービス,持たせると、『トリックルーム』の時に使用し、『すばやさ』ランクが1段階下がる。
621,ルームサービス,巨人の寝床／バトルタワーBPショップ右15BP
622,れいかいのぬの,『サマヨール』に持たせて通信交換すると『ヨノワール』に進化する。
623,れいかいのぬの,ナックルシティの駅の左から上がれる高台の家の前でポーラから『ふるびたてがみ』を預かり、アラベスクタウンのフランクくんに渡したあと、ポーラのいたところを調べると落ちている／ナックルシティ(中央)ポケモンセンターBPショップ10BP／ラテラルタウンのほりだしもの市(3000円)
624,れいせいミント,ポケモンに使うと、特攻が上がりやすくなるが、素早さは上がりにくくなる。(ただし性格は変わらない)
625,れいせいミント,バトルタワーBPショップ左50BP／【鎧の孤島】『離れ島海域』にある島に毎日ランダムで落ちている
626,レッドカード,持たせると、相手の攻撃技を受けた時に相手を強制的に交代させる。ただし、持たせたポケモンが相手の技を受けて『ひんし』状態になった場合は発動しない。1度使用するとなくなる。ダイマックスしている相手には無効。
627,レッドカード,バトルタワーBPショップ右20BP
628,ロックメモリ,『シルヴァディ』に持たせると、『いわ』タイプになる。
629,ロックメモリ,クリア後、バトルタワー内の『タイプ：ヌル』を連れている女性からもらえる
630,われたポット,『ヤバチャ』を進化させる。(個体によって異なり、出現率の高い贋作は『われたポット』、出現率1%の真作は『かけたポット』で進化)
631,われたポット,ラテラルタウン／巨人の寝床／ラテラルタウンのほりだしもの市(3000円)
632,わんぱくミント,ポケモンに使うと、防御が上がりやすくなるが、特攻は上がりにくくなる。(ただし性格は変わらない)
633,わんぱくミント,バトルタワーBPショップ左50BP／【鎧の孤島】『離れ島海域』にある島に毎日ランダムで落ちている
